"","site","Observed","Estimator","Est_s.e.","year","turnover","propObs","traps","years","final.obs.div","final.obs","final.est.se","prop.final.est","final.est","warning","signif","final.signif","signifText","obsRank"
"1","ABBY",5.56537102473498,5.79850776961598,0.657744934877325,"2016",NA,0.959793665173197,75,1,0,9.49102318284818,0.193120144536813,0.584339884545448,9.52420187621495,"N",0,1,"Overlap",17
"2","ABBY",11.0532238304823,11.208475706906,0.437275345789055,"2017",0.631578947368421,0.986148707417193,497,2,0,9.49102318284818,0.193120144536813,1.1605406914028,9.52420187621495,"N",0,1,"Overlap",17
"3","ABBY",10.5632802294213,10.6466371845691,0.36091399533595,"2018",0.49527665317139,0.992170583659161,822,3,0,9.49102318284818,0.193120144536813,1.1090987325459,9.52420187621495,"N",0,1,"Overlap",17
"4","ABBY",10.1004071187624,10.1549403512416,0.214679403828655,"2019",0.456310561573719,0.994629881555873,1120,4,0,9.49102318284818,0.193120144536813,1.06049905808763,9.52420187621495,"N",0,1,"Overlap",17
"5","ABBY",10.032658183609,10.0814788253344,0.241553801646106,"2020",0.448293527240896,0.9951573928219,1239,5,0,9.49102318284818,0.193120144536813,1.05338571294502,9.52420187621495,"N",0,1,"Overlap",17
"6","ABBY",9.65458785500924,9.69310001428087,0.194014764841342,"2021",0.447523710681605,0.996026848045013,1447,6,0,9.49102318284818,0.193120144536813,1.01368996378793,9.52420187621495,"N",0,0,"Overlap",17
"7","ABBY",9.49102318284818,9.52420187621495,0.182254382444028,"2022",0.439603092234671,0.996516380711162,1594,7,0,9.49102318284818,0.193120144536813,0.996516380711162,9.52420187621495,"N",0,0,"Overlap",17
"8","ABBY",9.49102318284818,9.52420187621495,0.193120144536813,"full",0.439603092234671,0.996516380711162,1594,7,0,9.49102318284818,0.193120144536813,0.996516380711162,9.52420187621495,"N",0,0,"Overlap",17
"9","BARR",2.47279378143576,2.50135859873432,0.164462765011678,"2017",NA,0.98858027900797,80,1,0,2.53747230932996,0.0960098474648687,0.971422444584607,2.5455390651316,"N",0,0,"Overlap",45
"10","BARR",2.44177907400656,2.45749399172684,0.13775825562105,"2018",0.333333333333333,0.993605307775651,143,2,0,2.53747230932996,0.0960098474648687,0.959238499795062,2.5455390651316,"N",0,1,"Overlap",45
"11","BARR",2.54299594182292,2.55370502710883,0.118815559286452,"2019",0.380952380952381,0.995806451734941,222,3,0,2.53747230932996,0.0960098474648687,0.999000949015665,2.5455390651316,"N",0,0,"Overlap",45
"12","BARR",2.5853753403345,2.59399505493532,0.100776127167103,"2021",0.462301587301587,0.996677050488427,303,4,0,2.53747230932996,0.0960098474648687,1.0156494456316,2.5455390651316,"N",0,0,"Overlap",45
"13","BARR",2.53747230932996,2.5455390651316,0.0992079816247868,"2022",0.47172619047619,0.996831022586869,347,5,0,2.53747230932996,0.0960098474648687,0.996831022586869,2.5455390651316,"N",0,0,"Overlap",45
"14","BARR",2.53747230932996,2.5455390651316,0.0960098474648687,"full",0.47172619047619,0.996831022586869,347,5,0,2.53747230932996,0.0960098474648687,0.996831022586869,2.5455390651316,"N",0,0,"Overlap",45
"15","BART",8.41668984700974,8.48693073039905,0.29799727903528,"2015",NA,0.991723641252577,317,1,0,8.94336825793626,0.102112097552222,0.939914418575566,8.95474064518041,"N",0,1,"Overlap",19
"16","BART",8.53498109005917,8.57656908768298,0.208596524228913,"2016",0.227272727272727,0.995150975034582,702,2,0,8.94336825793626,0.102112097552222,0.953124320206062,8.95474064518041,"N",0,1,"Overlap",19
"17","BART",8.71208641902829,8.73754469085645,0.158671964740333,"2017",0.222332015810277,0.997086335723718,1097,3,0,8.94336825793626,0.102112097552222,0.972902149178075,8.95474064518041,"N",0,1,"Overlap",19
"18","BART",8.77064807615663,8.79143448974988,0.14576325667776,"2018",0.217665788317962,0.997635606155345,1374,4,0,8.94336825793626,0.102112097552222,0.979441887116757,8.95474064518041,"N",0,1,"Overlap",19
"19","BART",8.85984558462967,8.87601172371381,0.137547416495912,"2019",0.220067523056654,0.998178670827918,1664,5,0,8.94336825793626,0.102112097552222,0.989402813067309,8.95474064518041,"N",0,0,"Overlap",19
"20","BART",8.78537955882245,8.80005634638687,0.112190452971923,"2020",0.228685597392691,0.998332193910275,1781,6,0,8.94336825793626,0.102112097552222,0.981086991453056,8.95474064518041,"N",0,1,"Overlap",19
"21","BART",8.88519697732401,8.89815868846424,0.116968453412917,"2021",0.246126886716132,0.99854332659216,2076,7,0,8.94336825793626,0.102112097552222,0.992233871352396,8.95474064518041,"N",0,0,"Overlap",19
"22","BART",8.94336825793626,8.95474064518041,0.108789341972256,"2022",0.230446422380061,0.99873001489437,2341,8,0,8.94336825793626,0.102112097552222,0.99873001489437,8.95474064518041,"N",0,0,"Overlap",19
"23","BART",8.94336825793626,8.95474064518041,0.102112097552222,"full",0.230446422380061,0.99873001489437,2341,8,0,8.94336825793626,0.102112097552222,0.99873001489437,8.95474064518041,"N",0,0,"Overlap",19
"24","BLAN",11.5627391119527,11.782610266123,0.681883086754552,"2015",NA,0.981339351026278,396,1,0,14.6294261389096,0.346094539094156,0.787323993137675,14.6861256772735,"N",0,1,"Overlap",7
"25","BLAN",11.0160049079312,11.1142047574788,0.473218014132695,"2016",0.435483870967742,0.991164473600192,874,2,0,14.6294261389096,0.346094539094156,0.750096053241481,14.6861256772735,"N",0,1,"Overlap",7
"26","BLAN",12.0618938458826,12.1339823225098,0.435604957301963,"2017",0.408218125960061,0.994058959811283,1389,3,0,14.6294261389096,0.346094539094156,0.821312176604081,14.6861256772735,"N",0,1,"Overlap",7
"27","BLAN",13.0172378052892,13.0846448826488,0.440736078438997,"2018",0.38496593012722,0.994848383126621,1807,4,0,14.6294261389096,0.346094539094156,0.886362958573421,14.6861256772735,"N",0,1,"Overlap",7
"28","BLAN",13.1743467898164,13.2338052488007,0.398721604548916,"2019",0.395867304738273,0.995507077679739,2181,5,0,14.6294261389096,0.346094539094156,0.897060741499949,14.6861256772735,"N",0,1,"Overlap",7
"29","BLAN",13.7465620273804,13.8077961959212,0.368743886290735,"2020",0.425168420061804,0.995565246787258,2381,6,0,14.6294261389096,0.346094539094156,0.936023722625023,14.6861256772735,"N",0,1,"Overlap",7
"30","BLAN",14.4234825779587,14.4840172123139,0.352142296144484,"2021",0.429019660396331,0.995820590830028,2752,7,0,14.6294261389096,0.346094539094156,0.982116243243025,14.6861256772735,"N",0,0,"Overlap",7
"31","BLAN",14.6294261389096,14.6861256772735,0.396410648947807,"2022",0.436855561445703,0.996139244644245,3112,8,0,14.6294261389096,0.346094539094156,0.996139244644245,14.6861256772735,"N",0,0,"Overlap",7
"32","BLAN",14.6294261389096,14.6861256772735,0.346094539094156,"full",0.436855561445703,0.996139244644245,3112,8,0,14.6294261389096,0.346094539094156,0.996139244644245,14.6861256772735,"N",0,0,"Overlap",7
"33","BONA",2.24307692307692,2.42575136816488,0.453154753588566,"2017",NA,0.924693665028764,119,1,0,2.61037490843711,0.240687537681828,0.852195398883724,2.63211574014022,"Y",0,1,"Overlap",44
"34","BONA",2.3168044077135,2.4048193423858,0.389783333766555,"2018",0.5,0.963400604311099,288,2,0,2.61037490843711,0.240687537681828,0.880206129381711,2.63211574014022,"Y",0,1,"Overlap",44
"35","BONA",2.37079084086973,2.41763912399502,0.289163822754357,"2019",0.472222222222222,0.980622301045544,495,3,0,2.61037490843711,0.240687537681828,0.900716790190782,2.63211574014022,"Y",0,1,"Overlap",44
"36","BONA",2.45657978385251,2.49671124574081,0.260029836564904,"2020",0.5,0.983926270225779,615,4,0,2.61037490843711,0.240687537681828,0.933309940132665,2.63211574014022,"Y",0,0,"Overlap",44
"37","BONA",2.507553618307,2.53262563503517,0.209664538644191,"2021",0.528846153846154,0.990100385788827,795,5,0,2.61037490843711,0.240687537681828,0.952676046902639,2.63211574014022,"Y",0,0,"Overlap",44
"38","BONA",2.61037490843711,2.63211574014022,0.208567436990354,"2022",0.516410256410256,0.991740168803537,933,6,0,2.61037490843711,0.240687537681828,0.991740168803537,2.63211574014022,"Y",0,0,"Overlap",44
"39","BONA",2.61037490843711,2.63211574014022,0.240687537681828,"full",0.516410256410256,0.991740168803537,933,6,0,2.61037490843711,0.240687537681828,0.991740168803537,2.63211574014022,"Y",0,0,"Overlap",44
"40","CLBJ",8.66787003610108,10.5013392198018,1.95018081299284,"2016",NA,0.825406155793588,359,1,0,15.7114686040478,0.872222000697402,0.53944928277819,16.0679980728886,"Y",0,1,"Overlap",4
"41","CLBJ",11.303129378795,11.9022147173523,1.17437848407689,"2017",0.731707317073171,0.949666061923422,909,2,0,15.7114686040478,0.872222000697402,0.703455982974422,16.0679980728886,"Y",0,1,"Overlap",4
"42","CLBJ",10.0975782216723,10.4006880390512,1.13264720632231,"2018",0.735853658536585,0.970856753299317,1327,3,0,15.7114686040478,0.872222000697402,0.628427895987232,16.0679980728886,"Y",0,1,"Overlap",4
"43","CLBJ",12.7584748700173,13.1422465382854,0.906097811107213,"2019",0.694272809394761,0.970798625094264,1805,4,0,15.7114686040478,0.872222000697402,0.794030146888343,16.0679980728886,"Y",0,1,"Overlap",4
"44","CLBJ",12.8285323297981,13.2131051196356,1.05718765185617,"2020",0.76070460704607,0.970894593938711,1855,5,0,15.7114686040478,0.872222000697402,0.798390208388413,16.0679980728886,"Y",0,1,"Overlap",4
"45","CLBJ",14.3823279524214,14.7601387525497,0.927911435125937,"2021",0.808563685636856,0.974403302945712,2131,6,0,15.7114686040478,0.872222000697402,0.895091466104207,16.0679980728886,"Y",0,1,"Overlap",4
"46","CLBJ",15.7114686040478,16.0679980728886,0.896276025842733,"2022",0.78743943500041,0.977811207891393,2536,7,0,15.7114686040478,0.872222000697402,0.977811207891393,16.0679980728886,"Y",0,0,"Overlap",4
"47","CLBJ",15.7114686040478,16.0679980728886,0.872222000697402,"full",0.787439435000411,0.977811207891393,2536,7,0,15.7114686040478,0.872222000697402,0.977811207891393,16.0679980728886,"Y",0,0,"Overlap",4
"48","CPER",9.35446161633738,9.44335198943248,0.375657887641077,"2015",NA,0.990586989323858,360,1,0,9.60781967781412,0.200844122035521,0.971992505848072,9.62400590545246,"N",0,1,"Overlap",14
"49","CPER",9.56916444327458,9.61661168730033,0.277947994378918,"2016",0.509803921568627,0.99506611626126,800,2,0,9.60781967781412,0.200844122035521,0.994301597202179,9.62400590545246,"N",0,0,"Overlap",14
"50","CPER",9.42172568705156,9.4565420127761,0.23893028952175,"2017",0.494032395566922,0.996318281494705,1160,3,0,9.60781967781412,0.200844122035521,0.978981702589532,9.62400590545246,"N",0,1,"Overlap",14
"51","CPER",9.1074900877487,9.13394317863971,0.238441277779839,"2018",0.460933877746369,0.997103869558454,1520,4,0,9.60781967781412,0.200844122035521,0.946330475814533,9.62400590545246,"N",0,1,"Overlap",14
"52","CPER",9.48164719301358,9.5052699422978,0.220524655410549,"2019",0.464748027357396,0.997514773443825,1939,5,0,9.60781967781412,0.200844122035521,0.985207956661973,9.62400590545246,"N",0,0,"Overlap",14
"53","CPER",9.36083054879107,9.38129166876646,0.210444177310357,"2020",0.474020644108139,0.997818944267183,2178,6,0,9.60781967781412,0.200844122035521,0.972654281465861,9.62400590545246,"N",0,1,"Overlap",14
"54","CPER",9.76468960761738,9.78318371316733,0.173979361285423,"2021",0.478350536756783,0.998109602549418,2566,7,0,9.60781967781412,0.200844122035521,1.01461799832076,9.62400590545246,"N",0,0,"Overlap",14
"55","CPER",9.60781967781412,9.62400590545246,0.182373440312102,"2022",0.47179080756759,0.998318140304842,2895,8,0,9.60781967781412,0.200844122035521,0.998318140304842,9.62400590545246,"N",0,0,"Overlap",14
"56","CPER",9.60781967781412,9.62400590545246,0.200844122035521,"full",0.47179080756759,0.998318140304842,2895,8,0,9.60781967781412,0.200844122035521,0.998318140304842,9.62400590545246,"N",0,0,"Overlap",14
"57","DCFS",11.9401349072513,12.5252534891886,1.0452537406324,"2017",NA,0.953284891005008,276,1,0,14.4217954299747,0.577000549070904,0.821517315948715,14.5342461752768,"Y",0,1,"Overlap",8
"58","DCFS",12.0751553259975,12.3159057782329,0.80744184364599,"2018",0.48,0.980452070958442,573,2,0,14.4217954299747,0.577000549070904,0.830807128238799,14.5342461752768,"Y",0,1,"Overlap",8
"59","DCFS",12.3316220019484,12.4892987772495,0.673106778355983,"2019",0.441923076923077,0.987375049783556,834,3,0,14.4217954299747,0.577000549070904,0.848452809539233,14.5342461752768,"N",0,1,"Overlap",8
"60","DCFS",13.4403889001418,13.5857444826361,0.625158739869498,"2020",0.472776304155615,0.989300874701417,1022,4,0,14.4217954299747,0.577000549070904,0.924739318300824,14.5342461752768,"N",0,1,"Overlap",8
"61","DCFS",13.91626511258,14.0408466230454,0.597244786722925,"2021",0.491679002310259,0.991127208080106,1286,5,0,14.4217954299747,0.577000549070904,0.957481037871229,14.5342461752768,"N",0,1,"Overlap",8
"62","DCFS",14.4217954299747,14.5342461752768,0.551410971332704,"2022",0.493343201848207,0.99226304935626,1498,6,0,14.4217954299747,0.577000549070904,0.99226304935626,14.5342461752768,"N",0,0,"Overlap",8
"63","DCFS",14.4217954299747,14.5342461752768,0.577000549070904,"full",0.493343201848207,0.99226304935626,1498,6,0,14.4217954299747,0.577000549070904,0.99226304935626,14.5342461752768,"N",0,0,"Overlap",8
"64","DEJU",5.45283018867925,7.97631236511642,3.14648247707777,"2016",NA,0.683627964788169,156,1,0,7.10030590887135,0.479907760442235,0.755533521735181,7.21719160277113,"Y",0,1,"Overlap",29
"65","DEJU",5.92736780941313,6.28246767860008,0.927057817272402,"2017",0.611111111111111,0.943477644875672,436,2,0,7.10030590887135,0.479907760442235,0.821284529447334,7.21719160277113,"Y",0,1,"Overlap",29
"66","DEJU",5.74187861999496,5.95961106201439,0.724917027850581,"2018",0.580555555555556,0.963465326888994,646,3,0,7.10030590887135,0.479907760442235,0.795583508935844,7.21719160277113,"Y",0,1,"Overlap",29
"67","DEJU",6.33910856504122,6.52564772917045,0.686032548698567,"2019",0.512037037037037,0.971414460009023,826,4,0,7.10030590887135,0.479907760442235,0.878334525940428,7.21719160277113,"Y",0,1,"Overlap",29
"68","DEJU",6.67813494916299,6.8507029198636,0.560695563111814,"2020",0.528764619883041,0.974810180397657,976,5,0,7.10030590887135,0.479907760442235,0.925309360859817,7.21719160277113,"Y",0,1,"Overlap",29
"69","DEJU",7.20891185017759,7.3476845914073,0.525037052378069,"2021",0.537297410192147,0.981113405249865,1210,6,0,7.10030590887135,0.479907760442235,0.99885277362037,7.21719160277113,"Y",0,0,"Overlap",29
"70","DEJU",7.10030590887135,7.21719160277113,0.450069408792119,"2022",0.546232690311638,0.983804546098666,1384,7,0,7.10030590887135,0.479907760442235,0.983804546098666,7.21719160277113,"Y",0,0,"Overlap",29
"71","DEJU",7.10030590887135,7.21719160277113,0.479907760442235,"full",0.546232690311638,0.983804546098666,1384,7,0,7.10030590887135,0.479907760442235,0.983804546098666,7.21719160277113,"Y",0,0,"Overlap",29
"72","DELA",6.8915313225058,7.09179405578607,0.473853511097426,"2015",NA,0.971761343927229,288,1,0,11.5352862412,0.405329998514145,0.591898078637816,11.6431047358117,"Y",0,1,"Overlap",12
"73","DELA",7.5639623386142,7.66438189007183,0.35877200244352,"2016",0.605263157894737,0.986897893020217,658,2,0,11.5352862412,0.405329998514145,0.64965166166968,11.6431047358117,"Y",0,1,"Overlap",12
"74","DELA",7.88175208136546,7.97731335958212,0.378409971699141,"2017",0.655572755417957,0.988020869444488,838,3,0,11.5352862412,0.405329998514145,0.676945905770552,11.6431047358117,"Y",0,1,"Overlap",12
"75","DELA",9.63205776823647,9.74131242696271,0.372784441635591,"2018",0.637048503611971,0.988784400506052,1222,4,0,11.5352862412,0.405329998514145,0.827275712689445,11.6431047358117,"Y",0,1,"Overlap",12
"76","DELA",10.7279732728558,10.8451946248583,0.423151555189402,"2019",0.609730822153423,0.989191401716872,1572,5,0,11.5352862412,0.405329998514145,0.92140142309799,11.6431047358117,"Y",0,1,"Overlap",12
"77","DELA",10.6641151898439,10.7776830749474,0.355493419481453,"2020",0.630641800579881,0.989462680957146,1601,6,0,11.5352862412,0.405329998514145,0.915916796405974,11.6431047358117,"Y",0,1,"Overlap",12
"78","DELA",10.8872137386054,10.9942245441054,0.431478729682352,"2021",0.629701500483234,0.990266634534272,1808,7,0,11.5352862412,0.405329998514145,0.935078227469572,11.6431047358117,"Y",0,1,"Overlap",12
"79","DELA",11.5352862412,11.6431047358117,0.322260651384011,"2022",0.584079118640802,0.990739712726274,2088,8,0,11.5352862412,0.405329998514145,0.990739712726274,11.6431047358117,"Y",0,0,"Overlap",12
"80","DELA",11.5352862412,11.6431047358117,0.405329998514145,"full",0.584079118640802,0.990739712726274,2088,8,0,11.5352862412,0.405329998514145,0.990739712726274,11.6431047358117,"Y",0,0,"Overlap",12
"81","DSNY",5.5531914893617,5.90473142468376,1.14528970664092,"2015",NA,0.940464703635376,219,1,0,6.1803096792251,0.262654516495724,0.893922994894706,6.21215867706346,"Y",0,1,"Overlap",31
"82","DSNY",7.24395373291272,7.5626032214825,0.820518117813759,"2016",0.571428571428571,0.957865105541354,637,2,0,6.1803096792251,0.262654516495724,1.16609283656241,6.21215867706346,"Y",0,1,"Overlap",31
"83","DSNY",6.53160776505724,6.66009887451685,0.620703406983112,"2017",0.553571428571429,0.980707327041157,1131,3,0,6.1803096792251,0.262654516495724,1.05142320159549,6.21215867706346,"Y",0,1,"Overlap",31
"84","DSNY",5.7806258242417,5.84551204645635,0.461551146954877,"2018",0.535714285714286,0.988899822342511,1470,4,0,6.1803096792251,0.262654516495724,0.930534154831706,6.21215867706346,"Y",0,1,"Overlap",31
"85","DSNY",6.00903122846469,6.05742229124646,0.37831425628931,"2019",0.521350931677019,0.992011277990028,1855,5,0,6.1803096792251,0.262654516495724,0.967301632305569,6.21215867706346,"Y",0,0,"Overlap",31
"86","DSNY",6.26867517052363,6.31615477916763,0.375957728742406,"2020",0.544353472614342,0.992482830091404,1910,6,0,6.1803096792251,0.262654516495724,1.00909772212819,6.21215867706346,"Y",0,0,"Overlap",31
"87","DSNY",6.15346666955586,6.19178545788488,0.276275454947925,"2021",0.509183449400841,0.993811350766324,2078,7,0,6.1803096792251,0.262654516495724,0.99055207528354,6.21215867706346,"Y",0,0,"Overlap",31
"88","DSNY",6.1803096792251,6.21215867706346,0.288873947278515,"2022",0.507871528057864,0.994873119072771,2310,8,0,6.1803096792251,0.262654516495724,0.994873119072771,6.21215867706346,"Y",0,0,"Overlap",31
"89","DSNY",6.1803096792251,6.21215867706346,0.262654516495724,"full",0.507871528057863,0.994873119072771,2310,8,0,6.1803096792251,0.262654516495724,0.994873119072771,6.21215867706346,"Y",0,0,"Overlap",31
"90","GRSM",8.26642599277978,8.83054763870095,0.785625503584208,"2015",NA,0.93611702591934,70,1,0,9.50074936442795,0.18118875973505,0.868621714182394,9.51671580137817,"N",0,1,"Overlap",16
"91","GRSM",9.78875512663195,9.87225816670868,0.388136148478245,"2016",0.558823529411765,0.991541647446142,510,2,0,9.50074936442795,0.18118875973505,1.02858542074088,9.51671580137817,"N",0,1,"Overlap",16
"92","GRSM",10.0708304093567,10.1193111023422,0.274955218826456,"2017",0.474533715925395,0.995209091558194,985,3,0,9.50074936442795,0.18118875973505,1.05822540249634,9.51671580137817,"N",0,1,"Overlap",16
"93","GRSM",9.60435397380145,9.635773317865,0.233211939766488,"2018",0.459212953474073,0.996739302282538,1345,4,0,9.50074936442795,0.18118875973505,1.009208867245,9.51671580137817,"N",0,0,"Overlap",16
"94","GRSM",9.41751068416474,9.44014716300504,0.210973427727757,"2019",0.406909715105554,0.997602105300963,1702,5,0,9.50074936442795,0.18118875973505,0.989575698246756,9.51671580137817,"N",0,0,"Overlap",16
"95","GRSM",9.59624456296717,9.61874126942476,0.224534494447585,"2020",0.417419663976335,0.997661158999141,1783,6,0,9.50074936442795,0.18118875973505,1.0083567444115,9.51671580137817,"N",0,0,"Overlap",16
"96","GRSM",9.70569994811347,9.72486048144509,0.195037662770948,"2021",0.403405275535835,0.998029736943972,2106,7,0,9.50074936442795,0.18118875973505,1.01985812655117,9.51671580137817,"N",0,1,"Overlap",16
"97","GRSM",9.50074936442795,9.51671580137817,0.185907132755561,"2022",0.390673909642961,0.998322274481717,2385,8,0,9.50074936442795,0.18118875973505,0.998322274481717,9.51671580137817,"N",0,0,"Overlap",16
"98","GRSM",9.50074936442795,9.51671580137817,0.18118875973505,"full",0.390673909642961,0.998322274481717,2385,8,0,9.50074936442795,0.18118875973505,0.998322274481717,9.51671580137817,"N",0,0,"Overlap",16
"99","HARV",6.45092838196286,6.55354940874235,0.325061961602002,"2013",NA,0.984341153109704,177,1,0,8.077247762664,0.166764412302726,0.796678951250677,8.09727478281657,"N",0,1,"Overlap",24
"100","HARV",6.4828618002367,6.52631319395403,0.263475512287591,"2015",0.357142857142857,0.993342122508374,537,2,0,8.077247762664,0.166764412302726,0.800622675420888,8.09727478281657,"N",0,1,"Overlap",24
"101","HARV",6.77291526332182,6.81329981426265,0.269143592224305,"2016",0.338571428571429,0.994072688412113,923,3,0,8.077247762664,0.166764412302726,0.836443796830853,8.09727478281657,"N",0,1,"Overlap",24
"102","HARV",7.40878393597981,7.44432507409019,0.2204138434601,"2017",0.350714285714286,0.99522574071435,1356,4,0,8.077247762664,0.166764412302726,0.914972522817452,8.09727478281657,"Y",0,1,"Overlap",24
"103","HARV",7.50368829892286,7.53026639853505,0.191578307093797,"2018",0.349242610837438,0.996470496765246,1654,5,0,8.077247762664,0.166764412302726,0.926693054167634,8.09727478281657,"N",0,1,"Overlap",24
"104","HARV",7.70849363717076,7.73238207162413,0.171108361165265,"2019",0.31387684729064,0.99691059828238,1914,6,0,8.077247762664,0.166764412302726,0.951986173611045,8.09727478281657,"N",0,1,"Overlap",24
"105","HARV",7.75508483948196,7.77779796176919,0.174650385253013,"2020",0.304773915952077,0.997079748998512,2061,7,0,8.077247762664,0.166764412302726,0.957740109788446,8.09727478281657,"N",0,1,"Overlap",24
"106","HARV",8.09865556179047,8.12066452908137,0.178255724203929,"2021",0.311926029341412,0.997289757850224,2361,8,0,8.077247762664,0.166764412302726,1.00017052391217,8.09727478281657,"N",0,0,"Overlap",24
"107","HARV",8.077247762664,8.09727478281657,0.173802339094801,"2022",0.320349068777183,0.99752669624167,2656,9,0,8.077247762664,0.166764412302726,0.99752669624167,8.09727478281657,"N",0,0,"Overlap",24
"108","HARV",8.077247762664,8.09727478281657,0.166764412302726,"full",0.320349068777183,0.99752669624167,2656,9,0,8.077247762664,0.166764412302726,0.99752669624167,8.09727478281657,"N",0,0,"Overlap",24
"109","HEAL",3.70588235294118,4.46250208276421,0.845573260988798,"2015",NA,0.83044943939738,120,1,0,7.52355555555555,0.539587736527978,0.482861384851512,7.67483685629737,"Y",0,1,"Overlap",25
"110","HEAL",8.13627992633517,8.88552549838228,0.938874631677042,"2016",0.666666666666667,0.915677967253201,410,2,0,7.52355555555555,0.539587736527978,1.06012415360454,7.67483685629737,"Y",0,0,"Overlap",25
"111","HEAL",8.03510676800579,8.48001131888019,0.735905496816304,"2017",0.552083333333333,0.94753491072779,648,3,0,7.52355555555555,0.539587736527978,1.0469417029253,7.67483685629737,"Y",0,0,"Overlap",25
"112","HEAL",8.27081770442611,8.59948748073204,0.772788633909808,"2019",0.561038011695906,0.961780306437756,826,4,0,7.52355555555555,0.539587736527978,1.07765387841954,7.67483685629737,"Y",0,1,"Overlap",25
"113","HEAL",8.08173076923077,8.34769637046729,0.771545625565717,"2020",0.565515350877193,0.968139042265904,976,5,0,7.52355555555555,0.539587736527978,1.05301662049005,7.67483685629737,"Y",0,0,"Overlap",25
"114","HEAL",7.42423791821562,7.59643578267303,0.492255743384686,"2021",0.539912280701754,0.977331755393736,1185,6,0,7.52355555555555,0.539587736527978,0.967347978494665,7.67483685629737,"Y",0,0,"Overlap",25
"115","HEAL",7.52355555555555,7.67483685629737,0.439048053166055,"2022",0.545164995822891,0.980288662342355,1335,7,0,7.52355555555555,0.539587736527978,0.980288662342355,7.67483685629737,"Y",0,0,"Overlap",25
"116","HEAL",7.52355555555555,7.67483685629737,0.539587736527978,"full",0.545164995822891,0.980288662342355,1335,7,0,7.52355555555555,0.539587736527978,0.980288662342355,7.67483685629737,"Y",0,0,"Overlap",25
"117","JERC",11.468085106383,13.4446160357904,1.99683667987188,"2015",NA,0.852987179094908,443,1,0,14.2705624543462,1.16401143257346,0.777961407215049,14.7412005274612,"Y",0,1,"Overlap",9
"118","JERC",10.6800847457627,11.5366737366342,1.7805159474126,"2016",0.676470588235294,0.92575078307438,959,2,0,14.2705624543462,1.16401143257346,0.72450576368369,14.7412005274612,"Y",0,1,"Overlap",9
"119","JERC",11.8548387096774,12.5553307121086,1.52210216031924,"2017",0.56237322515213,0.944207602452428,1434,3,0,14.2705624543462,1.16401143257346,0.804197642355734,14.7412005274612,"Y",0,1,"Overlap",9
"120","JERC",12.466251298027,13.1273361618022,1.53351143711377,"2018",0.565391673910944,0.94964059306268,1816,4,0,14.2705624543462,1.16401143257346,0.845674087046284,14.7412005274612,"Y",0,1,"Overlap",9
"121","JERC",13.2049722295689,13.7746099901998,1.2268460602212,"2019",0.581451162840615,0.958645815668378,2202,5,0,14.2705624543462,1.16401143257346,0.895786758003155,14.7412005274612,"Y",0,1,"Overlap",9
"122","JERC",13.7376364058509,14.3027608187685,1.31450420950483,"2020",0.601160930272492,0.960488438555447,2292,6,0,14.2705624543462,1.16401143257346,0.931921140361616,14.7412005274612,"Y",0,0,"Overlap",9
"123","JERC",14.0503814085507,14.5586575527665,1.35862070990649,"2021",0.618251392511027,0.965087705210895,2470,7,0,14.2705624543462,1.16401143257346,0.953136848140445,14.7412005274612,"Y",0,0,"Overlap",9
"124","JERC",14.2705624543462,14.7412005274612,1.22357784161001,"2022",0.609294844374531,0.968073287366367,2708,8,0,14.2705624543462,1.16401143257346,0.968073287366367,14.7412005274612,"Y",0,0,"Overlap",9
"125","JERC",14.2705624543462,14.7412005274612,1.16401143257346,"full",0.609294844374531,0.968073287366367,2708,8,0,14.2705624543462,1.16401143257346,0.968073287366367,14.7412005274612,"Y",0,0,"Overlap",9
"126","JORN",2.64489795918367,2.84910779273823,0.726352679009134,"2016",NA,0.928324988589394,517,1,0,2.50697281307226,0.166508627864927,1.04995555445296,2.51905706671717,"Y",0,0,"Overlap",46
"127","JORN",1.78606573509152,1.80397323609714,0.158920286861882,"2017",0.6,0.990073300064937,1102,2,0,2.50697281307226,0.166508627864927,0.709021545676657,2.51905706671717,"Y",0,1,"Overlap",46
"128","JORN",1.83743393475488,1.84820504307941,0.112558642084134,"2018",0.594117647058824,0.994172124805702,1549,3,0,2.50697281307226,0.166508627864927,0.729413382107065,2.51905706671717,"Y",0,1,"Overlap",46
"129","JORN",1.86603433409109,1.87522048282902,0.114334819093196,"2019",0.601206636500754,0.995101296715744,1952,4,0,2.50697281307226,0.166508627864927,0.740766995216546,2.51905706671717,"Y",0,1,"Overlap",46
"130","JORN",2.4234108590727,2.43632979025704,0.171363261718263,"2021",0.575904977375566,0.994697379954058,2191,5,0,2.50697281307226,0.166508627864927,0.962030948441704,2.51905706671717,"Y",0,0,"Overlap",46
"131","JORN",2.50697281307226,2.51905706671717,0.160462683300215,"2022",0.589295410471881,0.995202866261122,2400,6,0,2.50697281307226,0.166508627864927,0.995202866261122,2.51905706671717,"Y",0,0,"Overlap",46
"132","JORN",2.50697281307226,2.51905706671717,0.166508627864927,"full",0.589295410471881,0.995202866261122,2400,6,0,2.50697281307226,0.166508627864927,0.995202866261122,2.51905706671717,"Y",0,0,"Overlap",46
"133","KONA",6.86695278969957,7.13712461383331,0.941104469138539,"2017",NA,0.962145564390163,190,1,0,14.6918170120733,0.444047859924033,0.464373025384809,14.7875789813786,"Y",0,1,"Overlap",6
"134","KONA",10.5589268480988,10.756010498308,0.676310097966531,"2018",0.534883720930233,0.981676881940547,526,2,0,14.6918170120733,0.444047859924033,0.71404026726723,14.7875789813786,"Y",0,1,"Overlap",6
"135","KONA",13.6295402160733,13.7824024464499,0.539450502725545,"2019",0.484422992540588,0.988908883558543,890,3,0,14.6918170120733,0.444047859924033,0.921688413853039,14.7875789813786,"N",0,1,"Overlap",6
"136","KONA",14.0417003808885,14.1647595863805,0.450078750272294,"2020",0.455024133391839,0.991312298331534,1074,4,0,14.6918170120733,0.444047859924033,0.949560465480568,14.7875789813786,"N",0,1,"Overlap",6
"137","KONA",14.3179515012408,14.4186567463775,0.401639774178022,"2021",0.471075792351571,0.993015629201246,1383,5,0,14.6918170120733,0.444047859924033,0.968241760146871,14.7875789813786,"N",0,1,"Overlap",6
"138","KONA",14.6918170120733,14.7875789813786,0.470385773330797,"2022",0.472315179335802,0.993524161769422,1615,6,0,14.6918170120733,0.444047859924033,0.993524161769422,14.7875789813786,"N",0,0,"Overlap",6
"139","KONA",14.6918170120733,14.7875789813786,0.444047859924033,"full",0.472315179335802,0.993524161769422,1615,6,0,14.6918170120733,0.444047859924033,0.993524161769422,14.7875789813786,"N",0,0,"Overlap",6
"140","KONZ",7.84011082312986,7.94520177914579,0.472707087099779,"2016",NA,0.986773028686098,480,1,0,7.32963209742398,0.197621722365351,1.06715385602577,7.34674834266874,"N",0,1,"Overlap",27
"141","KONZ",7.27864451707832,7.33740459489755,0.410417185439585,"2017",0.551020408163265,0.991991708095244,960,2,0,7.32963209742398,0.197621722365351,0.990730072351207,7.34674834266874,"Y",0,0,"Overlap",27
"142","KONZ",7.98125911367527,8.03233618690987,0.399172370598287,"2018",0.538668098818475,0.993641068794177,1317,3,0,7.32963209742398,0.197621722365351,1.08636620466791,7.34674834266874,"Y",0,1,"Overlap",27
"143","KONZ",7.62677996009222,7.65980314899141,0.289516601094485,"2019",0.521713691895243,0.99568876794131,1660,4,0,7.32963209742398,0.197621722365351,1.03811640257188,7.34674834266874,"Y",0,1,"Overlap",27
"144","KONZ",7.45384626752548,7.47952756983367,0.257914718398887,"2020",0.516285268921432,0.996566453954691,1869,5,0,7.32963209742398,0.197621722365351,1.01457759540159,7.34674834266874,"N",0,0,"Overlap",27
"145","KONZ",7.45005465833384,7.46981012857532,0.237170781202525,"2021",0.530419519484972,0.997355291513246,2197,6,0,7.32963209742398,0.197621722365351,1.01406150188446,7.34674834266874,"N",0,0,"Overlap",27
"146","KONZ",7.32963209742398,7.34674834266874,0.223533696042813,"2022",0.541307046379321,0.997670228453946,2426,7,0,7.32963209742398,0.197621722365351,0.997670228453946,7.34674834266874,"N",0,0,"Overlap",27
"147","KONZ",7.32963209742398,7.34674834266874,0.197621722365351,"full",0.541307046379321,0.997670228453946,2426,7,0,7.32963209742398,0.197621722365351,0.997670228453946,7.34674834266874,"N",0,0,"Overlap",27
"148","LAJA",2.24093113482056,2.26948682057394,0.149307764750543,"2016",NA,0.987417558236291,457,1,0,8.09602892707433,0.508638708275307,0.272449543952552,8.22512345702742,"Y",0,1,"Overlap",23
"149","LAJA",3.75686002084057,3.82160305608621,0.294970529646655,"2017",0.833333333333333,0.983058670852136,877,2,0,8.09602892707433,0.508638708275307,0.456754240889936,8.22512345702742,"Y",0,1,"Overlap",23
"150","LAJA",5.34653166087351,5.45178061937168,0.44204437678813,"2018",0.75,0.980694571948806,1236,3,0,8.09602892707433,0.508638708275307,0.650024487633133,8.22512345702742,"Y",0,1,"Overlap",23
"151","LAJA",6.76771348548954,6.9021164434651,0.52603545090838,"2019",0.588888888888889,0.980527283322956,1609,4,0,8.09602892707433,0.508638708275307,0.822809957911004,8.22512345702742,"Y",0,1,"Overlap",23
"152","LAJA",7.14001883661479,7.26602849810025,0.454282648243065,"2020",0.551041666666667,0.982657697871897,1781,5,0,8.09602892707433,0.508638708275307,0.868074366776157,8.22512345702742,"Y",0,1,"Overlap",23
"153","LAJA",8.08401418221057,8.22538547151327,0.455337410804945,"2021",0.534950980392157,0.982812806792788,2120,6,0,8.09602892707433,0.508638708275307,0.9828441146745,8.22512345702742,"Y",0,0,"Overlap",23
"154","LAJA",8.09602892707433,8.22512345702742,0.45896789172992,"2022",0.547644335511983,0.984304852002824,2466,7,0,8.09602892707433,0.508638708275307,0.984304852002824,8.22512345702742,"Y",0,0,"Overlap",23
"155","LAJA",8.09602892707433,8.22512345702742,0.508638708275307,"full",0.547644335511983,0.984304852002824,2466,7,0,8.09602892707433,0.508638708275307,0.984304852002824,8.22512345702742,"Y",0,0,"Overlap",23
"156","LENO",9.02968120190546,9.38870192239917,0.931720649163793,"2016",NA,0.961760345204147,395,1,0,16.8953523745141,0.766362922613532,0.52192981803665,17.300565880433,"Y",0,1,"Overlap",2
"157","LENO",12.1935483870968,12.5842307516237,0.751602035328035,"2017",0.482758620689655,0.968954608967535,799,2,0,16.8953523745141,0.766362922613532,0.704806332426833,17.300565880433,"Y",0,1,"Overlap",2
"158","LENO",13.2146121014311,13.5524516499386,0.638079536388093,"2018",0.455665024630542,0.975071702358069,1174,3,0,16.8953523745141,0.766362922613532,0.763825425871004,17.300565880433,"Y",0,1,"Overlap",2
"159","LENO",14.0440230274297,14.3857531336061,0.689756794766845,"2019",0.497325070183802,0.976245240481843,1553,4,0,16.8953523745141,0.766362922613532,0.811766685811913,17.300565880433,"Y",0,1,"Overlap",2
"160","LENO",15.706127395289,16.0899790688631,0.724492811387313,"2021",0.521431302637852,0.976143432385379,1832,5,0,16.8953523745141,0.766362922613532,0.907838940288807,17.300565880433,"Y",0,1,"Overlap",2
"161","LENO",16.8953523745141,17.300565880433,0.734912293156085,"2022",0.510478375443615,0.976578020122616,2058,6,0,16.8953523745141,0.766362922613532,0.976578020122616,17.300565880433,"Y",0,0,"Overlap",2
"162","LENO",16.8953523745141,17.300565880433,0.766362922613532,"full",0.510478375443615,0.976578020122616,2058,6,0,16.8953523745141,0.766362922613532,0.976578020122616,17.300565880433,"Y",0,0,"Overlap",2
"163","MLBS",4.89146940598481,4.98426894182468,0.360817086592239,"2017",NA,0.981381515138327,68,1,0,8.36288560163398,0.212491330624466,0.583823803944744,8.37833156670633,"N",0,1,"Overlap",21
"164","MLBS",6.61964507742738,6.6487279597705,0.257262006712694,"2018",0.625,0.995625797518098,404,2,0,8.36288560163398,0.212491330624466,0.790091084928223,8.37833156670633,"N",0,1,"Overlap",21
"165","MLBS",7.29196232626189,7.31172935071421,0.201592705624251,"2019",0.545058139534884,0.997296532256026,723,3,0,8.36288560163398,0.212491330624466,0.870335850068117,8.37833156670633,"N",0,1,"Overlap",21
"166","MLBS",7.2911614726071,7.31020255640853,0.207084770757468,"2020",0.602688332339495,0.997395272750038,751,4,0,8.36288560163398,0.212491330624466,0.87024026377526,8.37833156670633,"N",0,1,"Overlap",21
"167","MLBS",8.03182748654698,8.04855280715338,0.202443264838813,"2021",0.595955643194015,0.9979219468385,1077,5,0,8.36288560163398,0.212491330624466,0.958642830329575,8.37833156670633,"N",0,1,"Overlap",21
"168","MLBS",8.36288560163398,8.37833156670633,0.189679399901984,"2022",0.547034784825483,0.998156439029731,1309,6,0,8.36288560163398,0.212491330624466,0.998156439029731,8.37833156670633,"N",0,0,"Overlap",21
"169","MLBS",8.36288560163398,8.37833156670633,0.212491330624466,"full",0.547034784825483,0.998156439029731,1309,6,0,8.36288560163398,0.212491330624466,0.998156439029731,8.37833156670633,"N",0,0,"Overlap",21
"170","MOAB",2.76092909073742,2.79603346354127,0.302585961974428,"2015",NA,0.987444938244985,275,1,0,4.97322775679218,0.140609299822294,0.553317344301396,4.98977507062118,"Y",0,1,"Overlap",34
"171","MOAB",3.66460490565565,3.68487395547862,0.200128649342497,"2016",0.578947368421053,0.994499391276918,781,2,0,4.97322775679218,0.140609299822294,0.734422865517953,4.98977507062118,"Y",0,1,"Overlap",34
"172","MOAB",4.04504367126676,4.06579467348159,0.174750835972144,"2017",0.503759398496241,0.994896200157334,1327,3,0,4.97322775679218,0.140609299822294,0.81066653586916,4.98977507062118,"Y",0,1,"Overlap",34
"173","MOAB",3.98090161712892,3.9981096481031,0.162093306668091,"2018",0.469172932330827,0.995695958218069,1680,4,0,4.97322775679218,0.140609299822294,0.797811837364712,4.98977507062118,"Y",0,1,"Overlap",34
"174","MOAB",4.04635162580348,4.06113409166823,0.143438725826931,"2019",0.494736842105263,0.996360015323042,2093,5,0,4.97322775679218,0.140609299822294,0.810928662822421,4.98977507062118,"Y",0,1,"Overlap",34
"175","MOAB",4.0540282534605,4.06888293081541,0.156646165253155,"2020",0.580404858299595,0.996349200110328,2123,6,0,4.97322775679218,0.140609299822294,0.81246713450669,4.98977507062118,"Y",0,1,"Overlap",34
"176","MOAB",4.30890731460848,4.32445886530289,0.146740498199177,"2021",0.626527858106806,0.996403815788563,2293,7,0,4.97322775679218,0.140609299822294,0.863547405168318,4.98977507062118,"Y",0,1,"Overlap",34
"177","MOAB",4.97322775679218,4.98977507062118,0.120929414333959,"2022",0.62493596628935,0.996683755561162,2593,8,0,4.97322775679218,0.140609299822294,0.996683755561162,4.98977507062118,"Y",0,0,"Overlap",34
"178","MOAB",4.97322775679218,4.98977507062118,0.140609299822294,"full",0.62493596628935,0.996683755561162,2593,8,0,4.97322775679218,0.140609299822294,0.996683755561162,4.98977507062118,"Y",0,0,"Overlap",34
"179","NIWO",5.65870910698497,5.82427514147109,0.512363431778053,"2017",NA,0.971573109019657,140,1,0,6.07294699153413,0.120959345204612,0.929235710408618,6.08963801498398,"N",0,1,"Overlap",32
"180","NIWO",6.30049555494683,6.36059963741886,0.260546962014305,"2018",0.52,0.990550563484857,322,2,0,6.07294699153413,0.120959345204612,1.03462562790169,6.08963801498398,"N",0,1,"Overlap",32
"181","NIWO",6.20267997360914,6.23777904028835,0.219322502858227,"2019",0.529230769230769,0.994373146844011,506,3,0,6.07294699153413,0.120959345204612,1.01856300133883,6.08963801498398,"N",0,0,"Overlap",32
"182","NIWO",6.21972642665519,6.2494046859699,0.16735054632612,"2020",0.486153846153846,0.995251026168726,596,4,0,6.07294699153413,0.120959345204612,1.0213622568946,6.08963801498398,"N",0,1,"Overlap",32
"183","NIWO",5.99536055436943,6.01581234758996,0.131942752004958,"2021",0.469878542510121,0.99660032726441,763,5,0,6.07294699153413,0.120959345204612,0.98451838017587,6.08963801498398,"N",0,0,"Overlap",32
"184","NIWO",6.07294699153413,6.08963801498398,0.117173132893865,"2022",0.465902834008097,0.99725911073716,933,6,0,6.07294699153413,0.120959345204612,0.99725911073716,6.08963801498398,"N",0,0,"Overlap",32
"185","NIWO",6.07294699153413,6.08963801498398,0.120959345204612,"full",0.465902834008097,0.99725911073716,933,6,0,6.07294699153413,0.120959345204612,0.99725911073716,6.08963801498398,"N",0,0,"Overlap",32
"186","NOGP",4.10541598838488,4.13282583214818,0.280015374612866,"2016",NA,0.993367771864452,346,1,0,7.48088623895165,0.237585583915164,0.547659095328184,7.49629837869253,"N",0,1,"Overlap",26
"187","NOGP",4.18662576913838,4.19942058105999,0.186780497177003,"2017",0.454545454545455,0.996953195881519,738,2,0,7.48088623895165,0.237585583915164,0.558492412873858,7.49629837869253,"N",0,1,"Overlap",26
"188","NOGP",4.82606236433953,4.83785087211553,0.222717257076956,"2018",0.446570972886762,0.997563275907503,1066,3,0,7.48088623895165,0.237585583915164,0.643792725494642,7.49629837869253,"N",0,1,"Overlap",26
"189","NOGP",5.72352983815018,5.7360232515738,0.200817148375035,"2019",0.476818459536448,0.997821938148492,1364,4,0,7.48088623895165,0.237585583915164,0.763514143783115,7.49629837869253,"N",0,1,"Overlap",26
"190","NOGP",5.80542468868799,5.8163854161176,0.19448413905037,"2020",0.494710618845885,0.998115543134532,1513,5,0,7.48088623895165,0.237585583915164,0.774438849071073,7.49629837869253,"N",0,1,"Overlap",26
"191","NOGP",6.47025304015158,6.48290555979653,0.211595641182282,"2021",0.511557968760918,0.998048325781049,1810,6,0,7.48088623895165,0.237585583915164,0.86312640096379,7.49629837869253,"N",0,1,"Overlap",26
"192","NOGP",7.48088623895165,7.49629837869253,0.241321390191121,"2022",0.512718060387185,0.997944033313203,2080,7,0,7.48088623895165,0.237585583915164,0.997944033313203,7.49629837869253,"N",0,0,"Overlap",26
"193","NOGP",7.48088623895165,7.49629837869253,0.237585583915164,"full",0.512718060387185,0.997944033313203,2080,7,0,7.48088623895165,0.237585583915164,0.997944033313203,7.49629837869253,"N",0,0,"Overlap",26
"194","OAES",3.66875744342994,3.7050166785212,0.3099357137621,"2015",NA,0.990213475879482,434,1,0,3.65529668188536,0.132426468061416,1.00205044535324,3.66125024986805,"Y",0,0,"Overlap",41
"195","OAES",2.97491268336493,2.98793412301613,0.191355206546657,"2016",0.641025641025641,0.995641992388355,913,2,0,3.65529668188536,0.132426468061416,0.812540110710035,3.66125024986805,"Y",0,1,"Overlap",41
"196","OAES",3.09336523730715,3.10349920006448,0.1485972011569,"2017",0.653846153846154,0.996734665580996,1392,3,0,3.65529668188536,0.132426468061416,0.844893144744377,3.66125024986805,"Y",0,1,"Overlap",41
"197","OAES",2.98692026021879,2.9953341209837,0.150516993545136,"2018",0.654945054945055,0.997191010943998,1749,4,0,3.65529668188536,0.132426468061416,0.815819749094297,3.66125024986805,"Y",0,1,"Overlap",41
"198","OAES",2.9237831868503,2.93005688176079,0.114162357481951,"2019",0.666208791208791,0.997858848765174,2258,5,0,3.65529668188536,0.132426468061416,0.798575073352515,3.66125024986805,"Y",0,1,"Overlap",41
"199","OAES",3.55143944847624,3.55863720972584,0.159630114007095,"2021",0.669809138230191,0.997977382681795,2648,6,0,3.65529668188536,0.132426468061416,0.970007294258083,3.66125024986805,"Y",0,0,"Overlap",41
"200","OAES",3.65529668188536,3.66125024986805,0.141264458433254,"2022",0.652377180409217,0.998373897555103,3156,7,0,3.65529668188536,0.132426468061416,0.998373897555103,3.66125024986805,"Y",0,0,"Overlap",41
"201","OAES",3.65529668188536,3.66125024986805,0.132426468061416,"full",0.652377180409217,0.998373897555103,3156,7,0,3.65529668188536,0.132426468061416,0.998373897555103,3.66125024986805,"Y",0,0,"Overlap",41
"202","ONAQ",2.00694444444444,2.10618051811372,0.375919859452592,"2015",NA,0.952883395883772,80,1,0,3.57490935460479,0.195844422944289,0.557434931767659,3.60032055773811,"Y",0,1,"Overlap",42
"203","ONAQ",6.00731350560702,6.33879166145616,0.495112587262104,"2016",0.75,0.94770641258574,519,2,0,3.57490935460479,0.195844422944289,1.66854962197619,3.60032055773811,"Y",0,1,"Overlap",42
"204","ONAQ",4.34841628959276,4.43269210992177,0.34282413562061,"2017",0.541666666666667,0.980987666582938,956,3,0,3.57490935460479,0.195844422944289,1.207785867913,3.60032055773811,"Y",0,1,"Overlap",42
"205","ONAQ",3.22779723882135,3.25493292204751,0.262769992394152,"2018",0.566239316239316,0.991663212767809,1270,4,0,3.57490935460479,0.195844422944289,0.89653051361882,3.60032055773811,"Y",0,1,"Overlap",42
"206","ONAQ",3.37090813093981,3.3940726058362,0.210864417627743,"2019",0.612179487179487,0.993175020812296,1570,5,0,3.57490935460479,0.195844422944289,0.936279999761347,3.60032055773811,"Y",0,1,"Overlap",42
"207","ONAQ",3.41550591327201,3.43920889048233,0.240814072449181,"2021",0.63974358974359,0.993108014672819,1660,6,0,3.57490935460479,0.195844422944289,0.948667169630526,3.60032055773811,"Y",0,0,"Overlap",42
"208","ONAQ",3.57490935460479,3.60032055773811,0.244621071035781,"2022",0.678952991452991,0.992941960937698,1866,7,0,3.57490935460479,0.195844422944289,0.992941960937698,3.60032055773811,"Y",0,0,"Overlap",42
"209","ONAQ",3.57490935460479,3.60032055773811,0.195844422944289,"full",0.678952991452991,0.992941960937698,1866,7,0,3.57490935460479,0.195844422944289,0.992941960937698,3.60032055773811,"Y",0,0,"Overlap",42
"210","ORNL",14.2186397984887,14.8005356617035,1.03536471863422,"2014",NA,0.960684134918136,320,1,0,15.2813769385158,0.550888482009581,0.924810667737187,15.3746494223284,"N",0,1,"Overlap",5
"211","ORNL",13.1045376220563,13.3901761692297,0.870088947172924,"2016",0.42,0.978668051595184,916,2,0,15.2813769385158,0.550888482009581,0.852347085262624,15.3746494223284,"Y",0,1,"Overlap",5
"212","ORNL",15.561356107852,15.8191928720944,0.995365314499948,"2017",0.446363636363636,0.983701016459745,1468,3,0,15.2813769385158,0.550888482009581,1.01214380116222,15.3746494223284,"Y",0,0,"Overlap",5
"213","ORNL",16.7780384351082,17.0088276182138,0.794615440855974,"2018",0.477903626428217,0.986431211586945,1856,4,0,15.2813769385158,0.550888482009581,1.0912794154995,15.3746494223284,"Y",0,1,"Overlap",5
"214","ORNL",16.7905190813939,16.9713541043348,0.755289322774246,"2019",0.481443592837035,0.989344690952229,2239,5,0,15.2813769385158,0.550888482009581,1.09209118336118,15.3746494223284,"Y",0,1,"Overlap",5
"215","ORNL",16.9203928509705,17.0848589833737,0.667072225188013,"2020",0.494832293624467,0.990373573901709,2388,6,0,15.2813769385158,0.550888482009581,1.10053845041808,15.3746494223284,"Y",0,1,"Overlap",5
"216","ORNL",16.284555188632,16.4111791249185,0.680251278580694,"2021",0.505794588121399,0.992284287721033,2778,7,0,15.2813769385158,0.550888482009581,1.05918221230997,15.3746494223284,"Y",0,1,"Overlap",5
"217","ORNL",15.2813769385158,15.3746494223284,0.633604787589213,"2022",0.48438567601689,0.99393335865746,3186,8,0,15.2813769385158,0.550888482009581,0.99393335865746,15.3746494223284,"Y",0,0,"Overlap",5
"218","ORNL",15.2813769385158,15.3746494223284,0.550888482009581,"full",0.48438567601689,0.99393335865746,3186,8,0,15.2813769385158,0.550888482009581,0.99393335865746,15.3746494223284,"Y",0,0,"Overlap",5
"219","OSBS",6.94425600943813,7.15888481108585,0.578239066282898,"2015",NA,0.970019240801953,480,1,0,4.40781556682281,0.146490945210985,1.57069743578419,4.42112901646849,"Y",0,1,"Overlap",37
"220","OSBS",5.99704505461669,6.0764561713012,0.348890542175757,"2016",0.705882352941177,0.986931343788907,947,2,0,4.40781556682281,0.146490945210985,1.35645104050979,4.42112901646849,"Y",0,1,"Overlap",37
"221","OSBS",5.58861822144983,5.63587295958226,0.23252818199626,"2017",0.696691176470588,0.991615364918387,1441,3,0,4.40781556682281,0.146490945210985,1.26407037673692,4.42112901646849,"Y",0,1,"Overlap",37
"222","OSBS",5.07703354720061,5.1110873647597,0.236859364400307,"2018",0.690651260504202,0.993337265609294,1714,4,0,4.40781556682281,0.146490945210985,1.14835679490214,4.42112901646849,"Y",0,1,"Overlap",37
"223","OSBS",4.78480847340307,4.80930672375894,0.171574269945811,"2019",0.642988445378151,0.994906074458748,2008,5,0,4.40781556682281,0.146490945210985,1.08225940830496,4.42112901646849,"Y",0,1,"Overlap",37
"224","OSBS",4.67350677080407,4.6953010112686,0.172935024958862,"2020",0.640706545776205,0.995358286846312,2061,6,0,4.40781556682281,0.146490945210985,1.05708445815435,4.42112901646849,"Y",0,1,"Overlap",37
"225","OSBS",4.55537608545274,4.5718239037187,0.143008555230986,"2021",0.661373101872328,0.996402350875199,2479,7,0,4.40781556682281,0.146490945210985,1.0303648838304,4.42112901646849,"Y",0,0,"Overlap",37
"226","OSBS",4.40781556682281,4.42112901646849,0.162398160990756,"2022",0.664452205786037,0.996988676513152,2799,8,0,4.40781556682281,0.146490945210985,0.996988676513152,4.42112901646849,"Y",0,0,"Overlap",37
"227","OSBS",4.40781556682281,4.42112901646849,0.146490945210985,"full",0.664452205786037,0.996988676513152,2799,8,0,4.40781556682281,0.146490945210985,0.996988676513152,4.42112901646849,"Y",0,0,"Overlap",37
"228","PUUM",4.53311258278146,4.59181047589209,0.25656479591427,"2019",NA,0.987216830176505,390,1,0,3.82859239510376,0.116137319810244,1.18004379814071,3.84147824845473,"Y",0,1,"Overlap",40
"229","PUUM",4.44563859035241,4.48203217139467,0.212286916577915,"2020",0.384615384615385,0.991880116061072,660,2,0,3.82859239510376,0.116137319810244,1.15727287851772,3.84147824845473,"Y",0,1,"Overlap",40
"230","PUUM",4.2900819274936,4.31575732870369,0.163442895152915,"2021",0.342307692307692,0.994050777359672,990,3,0,3.82859239510376,0.116137319810244,1.11677891947438,3.84147824845473,"Y",0,1,"Overlap",40
"231","PUUM",3.82859239510376,3.84147824845473,0.121029589783939,"2022",0.294871794871795,0.996645600334674,1379,4,0,3.82859239510376,0.116137319810244,0.996645600334674,3.84147824845473,"Y",0,0,"Overlap",40
"232","PUUM",3.82859239510376,3.84147824845473,0.116137319810244,"full",0.294871794871795,0.996645600334674,1379,4,0,3.82859239510376,0.116137319810244,0.996645600334674,3.84147824845473,"Y",0,0,"Overlap",40
"233","RMNP",3.34271026702841,3.40011326451907,0.237446809561998,"2017",NA,0.983117327857967,198,1,0,3.97066740314183,0.0836555450283726,0.840128057957258,3.97881041511231,"Y",0,1,"Overlap",39
"234","RMNP",3.525102367812,3.54714395293497,0.145721137043961,"2018",0.588235294117647,0.993786103576449,376,2,0,3.97066740314183,0.0836555450283726,0.88596892036448,3.97881041511231,"N",0,1,"Overlap",39
"235","RMNP",3.69864122212605,3.71150240851783,0.114757733998419,"2019",0.59846547314578,0.996534776223704,609,3,0,3.97066740314183,0.0836555450283726,0.92958468392409,3.97881041511231,"N",0,1,"Overlap",39
"236","RMNP",3.79539311550998,3.80702819999675,0.099734627820092,"2020",0.635088093208298,0.996943788205513,775,4,0,3.97066740314183,0.0836555450283726,0.953901472936314,3.97881041511231,"N",0,1,"Overlap",39
"237","RMNP",3.85927421173711,3.8682090983715,0.0921355772143426,"2021",0.663816069906223,0.997690174856846,1009,5,0,3.97066740314183,0.0836555450283726,0.969956798413622,3.97881041511231,"N",0,1,"Overlap",39
"238","RMNP",3.97066740314183,3.97881041511231,0.0803068893184334,"2022",0.635814760686883,0.997953405384797,1226,6,0,3.97066740314183,0.0836555450283726,0.997953405384797,3.97881041511231,"N",0,0,"Overlap",39
"239","RMNP",3.97066740314183,3.97881041511231,0.0836555450283726,"full",0.635814760686883,0.997953405384797,1226,6,0,3.97066740314183,0.0836555450283726,0.997953405384797,3.97881041511231,"N",0,0,"Overlap",39
"240","SCBI",10.6034020206633,10.8385882244295,0.773842347662276,"2015",NA,0.978301029719339,337,1,0,14.0635469700837,0.433115299620372,0.75056407518673,14.1272442569614,"N",0,1,"Overlap",10
"241","SCBI",13.0379081408256,13.2402776935993,0.783664683264774,"2016",0.4,0.984715611148282,794,2,0,14.0635469700837,0.433115299620372,0.922891110515132,14.1272442569614,"Y",0,1,"Overlap",10
"242","SCBI",14.1234187825769,14.2832073813929,0.780640508253735,"2017",0.376056338028169,0.988812834922207,1249,3,0,14.0635469700837,0.433115299620372,0.999729212979197,14.1272442569614,"Y",0,0,"Overlap",10
"243","SCBI",14.852897880682,15.0008976282527,0.668342077457286,"2018",0.350704225352113,0.990133940565535,1608,4,0,14.0635469700837,0.433115299620372,1.05136554663611,14.1272442569614,"Y",0,1,"Overlap",10
"244","SCBI",14.4081053364099,14.5186506254184,0.662621184917417,"2019",0.364723084268322,0.992385980497739,1953,5,0,14.0635469700837,0.433115299620372,1.0198808114548,14.1272442569614,"Y",0,0,"Overlap",10
"245","SCBI",14.5400552486188,14.6444694901442,0.622137458017726,"2020",0.407032704702793,0.9928700563994,2126,6,0,14.0635469700837,0.433115299620372,1.02922091415344,14.1272442569614,"Y",0,0,"Overlap",10
"246","SCBI",14.3600019372933,14.435399493404,0.501463163158555,"2021",0.418289965783401,0.994776898544088,2493,7,0,14.0635469700837,0.433115299620372,1.0164758020813,14.1272442569614,"N",0,0,"Overlap",10
"247","SCBI",14.0635469700837,14.1272442569614,0.493123479295295,"2022",0.411529648090841,0.995491173953029,2834,8,0,14.0635469700837,0.433115299620372,0.995491173953029,14.1272442569614,"N",0,0,"Overlap",10
"248","SCBI",14.0635469700837,14.1272442569614,0.433115299620372,"full",0.411529648090841,0.995491173953029,2834,8,0,14.0635469700837,0.433115299620372,0.995491173953029,14.1272442569614,"N",0,0,"Overlap",10
"249","SERC",9.06708366933288,9.17271888373442,0.627609502664384,"2015",NA,0.988483761931387,389,1,0,9.13424023422296,0.283414083575157,0.990602928511196,9.15309596647371,"N",0,0,"Overlap",18
"250","SERC",8.12036466299872,8.17439807701846,0.43419913879303,"2016",0.412698412698413,0.993389921372725,794,2,0,9.13424023422296,0.283414083575157,0.887171367233806,9.15309596647371,"N",0,1,"Overlap",18
"251","SERC",7.80691353622252,7.83742760630576,0.298656092391382,"2017",0.393849206349206,0.996106621762135,1293,3,0,9.13424023422296,0.283414083575157,0.85292600064699,9.15309596647371,"N",0,1,"Overlap",18
"252","SERC",8.2753420995778,8.30264972928553,0.280785347660109,"2018",0.371855755052476,0.996710974134992,1652,4,0,9.13424023422296,0.283414083575157,0.904103063038891,9.15309596647371,"N",0,1,"Overlap",18
"253","SERC",8.74428076770755,8.76857142038437,0.303449006406464,"2019",0.375666009837744,0.997229805003316,2061,5,0,9.13424023422296,0.283414083575157,0.955335855729735,9.15309596647371,"N",0,1,"Overlap",18
"254","SERC",8.92229316797153,8.94705733668748,0.249768583419183,"2020",0.409966770134346,0.997232143733515,2091,6,0,9.13424023422296,0.283414083575157,0.97478418238511,9.15309596647371,"N",0,0,"Overlap",18
"255","SERC",9.09668042167164,9.11818569570472,0.255832986492901,"2021",0.433592998100461,0.997641496373209,2507,7,0,9.13424023422296,0.283414083575157,0.993836452167801,9.15309596647371,"N",0,0,"Overlap",18
"256","SERC",9.13424023422296,9.15309596647371,0.25678964143414,"2022",0.418489548723112,0.9979399612634,2897,8,0,9.13424023422296,0.283414083575157,0.9979399612634,9.15309596647371,"N",0,0,"Overlap",18
"257","SERC",9.13424023422296,9.15309596647371,0.283414083575157,"full",0.418489548723112,0.9979399612634,2897,8,0,9.13424023422296,0.283414083575157,0.9979399612634,9.15309596647371,"N",0,0,"Overlap",18
"258","SJER",3.7472306143001,3.95921921442668,0.518845507012148,"2016",NA,0.946456968244109,120,1,0,5.0052986147907,0.252353609118013,0.742455032684659,5.0470808996343,"Y",0,1,"Overlap",33
"259","SJER",3.97642239417387,4.04705959093082,0.326268020018308,"2017",0.666666666666667,0.982546044808622,625,2,0,5.0052986147907,0.252353609118013,0.787865792771818,5.0470808996343,"Y",0,1,"Overlap",33
"260","SJER",4.68701580415246,4.76366191832174,0.328976101405977,"2018",0.628787878787879,0.983910253186842,1032,3,0,5.0052986147907,0.252353609118013,0.928658743015607,5.0470808996343,"Y",0,1,"Overlap",33
"261","SJER",4.81575665973928,4.87825797115323,0.328546938919128,"2019",0.602525252525253,0.987187780600465,1458,4,0,5.0052986147907,0.252353609118013,0.954166726372114,5.0470808996343,"Y",0,0,"Overlap",33
"262","SJER",4.87305622893632,4.92934218810817,0.311500127498625,"2020",0.541179653679654,0.988581446159767,1693,5,0,5.0052986147907,0.252353609118013,0.96551973820935,5.0470808996343,"Y",0,0,"Overlap",33
"263","SJER",5.2064371983222,5.2588829463149,0.305161108023471,"2021",0.505670995670996,0.990027207578473,1973,6,0,5.0052986147907,0.252353609118013,1.03157395370846,5.0470808996343,"Y",0,0,"Overlap",33
"264","SJER",5.0052986147907,5.0470808996343,0.233262409543655,"2022",0.471392496392496,0.991721494924596,2324,7,0,5.0052986147907,0.252353609118013,0.991721494924596,5.0470808996343,"Y",0,0,"Overlap",33
"265","SJER",5.0052986147907,5.0470808996343,0.252353609118013,"full",0.471392496392496,0.991721494924596,2324,7,0,5.0052986147907,0.252353609118013,0.991721494924596,5.0470808996343,"Y",0,0,"Overlap",33
"266","SOAP",6.68684645019263,6.83447025245555,0.46548460314835,"2018",NA,0.978400110497243,309,1,0,8.7289931091227,0.343039125303668,0.758622940290853,8.81445326136449,"Y",0,1,"Overlap",20
"267","SOAP",8.3440305635148,8.44403879855039,0.338888549318762,"2019",0.538461538461538,0.98815635060171,675,2,0,8.7289931091227,0.343039125303668,0.946630530119021,8.81445326136449,"Y",0,1,"Overlap",20
"268","SOAP",8.2589552876806,8.34851665533578,0.348456876869526,"2021",0.541958041958042,0.989272181951277,856,3,0,8.7289931091227,0.343039125303668,0.936978737397276,8.81445326136449,"Y",0,1,"Overlap",20
"269","SOAP",8.7289931091227,8.81445326136449,0.303743661308969,"2022",0.456543456543456,0.990304543037697,1103,4,0,8.7289931091227,0.343039125303668,0.990304543037697,8.81445326136449,"Y",0,0,"Overlap",20
"270","SOAP",8.7289931091227,8.81445326136449,0.343039125303668,"full",0.456543456543457,0.990304543037697,1103,4,0,8.7289931091227,0.343039125303668,0.990304543037697,8.81445326136449,"Y",0,0,"Overlap",20
"271","SRER",2.4089445073901,2.41795452604463,0.119615925200624,"2016",NA,0.996273702190229,550,1,0,3.98498230940768,0.161392518700289,0.602883025789015,3.99570796380845,"Y",0,1,"Overlap",38
"272","SRER",3.35285736268872,3.36429891714144,0.135075710460873,"2017",0.515151515151515,0.996599126672595,1027,2,0,3.98498230940768,0.161392518700289,0.839114718357193,3.99570796380845,"Y",0,1,"Overlap",38
"273","SRER",3.49210745981055,3.50302979118635,0.144249017900143,"2019",0.560606060606061,0.996882032975203,1444,3,0,3.98498230940768,0.161392518700289,0.873964636915581,3.99570796380845,"Y",0,1,"Overlap",38
"274","SRER",3.76298851874894,3.77497284709349,0.170991867205656,"2021",0.637626262626263,0.99682532064998,1683,4,0,3.98498230940768,0.161392518700289,0.941757644160336,3.99570796380845,"Y",0,1,"Overlap",38
"275","SRER",3.98498230940768,3.99570796380845,0.188925275093537,"2022",0.680142773892774,0.997315706128197,1921,5,0,3.98498230940768,0.161392518700289,0.997315706128197,3.99570796380845,"Y",0,0,"Overlap",38
"276","SRER",3.98498230940768,3.99570796380845,0.161392518700289,"full",0.680142773892774,0.997315706128197,1921,5,0,3.98498230940768,0.161392518700289,0.997315706128197,3.99570796380845,"Y",0,0,"Overlap",38
"277","STEI",4.31697144690407,4.36930083476693,0.228949916044183,"2015",NA,0.988023395540434,149,1,0,6.71243877134192,0.139932419353273,0.642041886294083,6.723815905255,"N",0,1,"Overlap",30
"278","STEI",6.39027733648041,6.42750683609667,0.240737553853818,"2016",0.621621621621622,0.99420778529442,545,2,0,6.71243877134192,0.139932419353273,0.95039445257359,6.723815905255,"N",0,1,"Overlap",30
"279","STEI",6.3401063329596,6.36317041884585,0.194244021724285,"2017",0.459459459459459,0.99637537825202,856,3,0,6.71243877134192,0.139932419353273,0.942932766497146,6.723815905255,"N",0,1,"Overlap",30
"280","STEI",6.48867760197416,6.50658390081329,0.171085957769455,"2018",0.408158158158158,0.997247972344306,1153,4,0,6.71243877134192,0.139932419353273,0.965029039076298,6.723815905255,"N",0,1,"Overlap",30
"281","STEI",6.60363329946219,6.61890127262113,0.137205568080715,"2019",0.37754719004719,0.997693276794731,1408,5,0,6.71243877134192,0.139932419353273,0.982125833382964,6.723815905255,"N",0,0,"Overlap",30
"282","STEI",6.73924252116409,6.75310973276308,0.153116936881914,"2020",0.390273046155399,0.997946544311029,1580,6,0,6.71243877134192,0.139932419353273,1.00229432455119,6.723815905255,"N",0,0,"Overlap",30
"283","STEI",6.6431742186754,6.65500588934914,0.129978775385563,"2021",0.398144205129499,0.998222139714004,1813,7,0,6.71243877134192,0.139932419353273,0.988006559412704,6.723815905255,"N",0,0,"Overlap",30
"284","STEI",6.71243877134192,6.723815905255,0.129437387217073,"2022",0.385601436909029,0.998307934947448,1954,8,0,6.71243877134192,0.139932419353273,0.998307934947448,6.723815905255,"N",0,0,"Overlap",30
"285","STEI",6.71243877134192,6.723815905255,0.139932419353273,"full",0.385601436909029,0.998307934947448,1954,8,0,6.71243877134192,0.139932419353273,0.998307934947448,6.723815905255,"N",0,0,"Overlap",30
"286","STER",20.4794531311385,20.7147260886586,0.507815627005858,"2015",NA,0.988642236614036,350,1,0,16.8125652321247,0.298024212934074,1.21516024184747,16.8532942618354,"N",0,1,"Overlap",3
"287","STER",18.4312126217463,18.5409669114191,0.444313726494324,"2016",0.344262295081967,0.994080444121541,750,2,0,16.8125652321247,0.298024212934074,1.09362670202016,16.8532942618354,"N",0,1,"Overlap",3
"288","STER",18.1925034735513,18.2870819126644,0.376418471337213,"2017",0.39328499369483,0.99482812842613,965,3,0,16.8125652321247,0.298024212934074,1.07946275611816,16.8532942618354,"N",0,1,"Overlap",3
"289","STER",18.0023228157038,18.0794179863207,0.354391975638932,"2018",0.399871155216843,0.995735749310333,1236,4,0,16.8125652321247,0.298024212934074,1.06817827636644,16.8532942618354,"N",0,1,"Overlap",3
"290","STER",17.957225740938,18.0174849569767,0.356793013624933,"2019",0.379903366412632,0.99665551456363,1514,5,0,16.8125652321247,0.298024212934074,1.06550241525198,16.8532942618354,"N",0,1,"Overlap",3
"291","STER",17.7952585590233,17.8502725672428,0.347730578829942,"2020",0.376263118662021,0.996918029794095,1588,6,0,16.8125652321247,0.298024212934074,1.05589199847539,16.8532942618354,"N",0,1,"Overlap",3
"292","STER",17.3833705081904,17.4305270842053,0.296202732639662,"2021",0.395185251946242,0.99729459839125,1819,7,0,16.8125652321247,0.298024212934074,1.03145238183821,16.8532942618354,"N",0,1,"Overlap",3
"293","STER",16.8125652321247,16.8532942618354,0.305532092717813,"2022",0.395277835001541,0.997583319374955,2042,8,0,16.8125652321247,0.298024212934074,0.997583319374955,16.8532942618354,"N",0,0,"Overlap",3
"294","STER",16.8125652321247,16.8532942618354,0.298024212934074,"full",0.395277835001541,0.997583319374955,2042,8,0,16.8125652321247,0.298024212934074,0.997583319374955,16.8532942618354,"N",0,0,"Overlap",3
"295","TALL",4.08079983676801,4.15244586060286,0.427681855493202,"2014",NA,0.982746066718266,312,1,0,7.19234497082386,0.389424273287483,0.564176161999992,7.2332014566189,"Y",0,1,"Overlap",28
"296","TALL",4.68388520971302,4.74834427117471,0.338741600038939,"2015",0.64,0.986424939351388,623,2,0,7.19234497082386,0.389424273287483,0.647553540130827,7.2332014566189,"Y",0,1,"Overlap",28
"297","TALL",6.22002385248158,6.30124739023682,0.489729292225717,"2016",0.586666666666667,0.987109927173929,1095,3,0,7.19234497082386,0.389424273287483,0.85992680969639,7.2332014566189,"Y",0,1,"Overlap",28
"298","TALL",7.33336832601986,7.42086678354379,0.584417491556389,"2017",0.562282282282282,0.988209132426692,1601,4,0,7.19234497082386,0.389424273287483,1.01384820677285,7.2332014566189,"Y",0,0,"Overlap",28
"299","TALL",7.88426704344754,7.96434847649382,0.477695581472048,"2018",0.531467809272687,0.989945011411463,1982,5,0,7.19234497082386,0.389424273287483,1.09001070836108,7.2332014566189,"Y",0,1,"Overlap",28
"300","TALL",8.00310409570804,8.06989046659598,0.439726788079284,"2019",0.502097324341227,0.991724005280569,2397,6,0,7.19234497082386,0.389424273287483,1.10644009346437,7.2332014566189,"Y",0,1,"Overlap",28
"301","TALL",8.03290788456926,8.0979921580201,0.497427095669247,"2020",0.536694006843495,0.991962912265064,2424,7,0,7.19234497082386,0.389424273287483,1.11056050806086,7.2332014566189,"Y",0,1,"Overlap",28
"302","TALL",7.51059304906941,7.55951434890613,0.486786939484113,"2021",0.546758128314833,0.993528512867524,2736,8,0,7.19234497082386,0.389424273287483,1.03834976726615,7.2332014566189,"Y",0,0,"Overlap",28
"303","TALL",7.19234497082386,7.2332014566189,0.361133622012729,"2022",0.540913362275479,0.994351534926812,3147,9,0,7.19234497082386,0.389424273287483,0.994351534926812,7.2332014566189,"Y",0,0,"Overlap",28
"304","TALL",7.19234497082386,7.2332014566189,0.389424273287483,"full",0.540913362275479,0.994351534926812,3147,9,0,7.19234497082386,0.389424273287483,0.994351534926812,7.2332014566189,"Y",0,0,"Overlap",28
"305","TEAK",3.3112582781457,3.40634459875372,0.34979783120436,"2019",NA,0.97208552515714,187,1,0,3.50119471808845,0.199880585099167,0.936029988427726,3.53755576112225,"Y",0,1,"Overlap",43
"306","TEAK",3.52551928783383,3.57378727549926,0.237015922001785,"2021",0.533333333333333,0.9864938833947,370,2,0,3.50119471808845,0.199880585099167,0.996597517014233,3.53755576112225,"Y",0,0,"Overlap",43
"307","TEAK",3.50119471808845,3.53755576112225,0.225294617298146,"2022",0.488888888888889,0.989721421939576,539,3,0,3.50119471808845,0.199880585099167,0.989721421939576,3.53755576112225,"Y",0,0,"Overlap",43
"308","TEAK",3.50119471808845,3.53755576112225,0.199880585099167,"full",0.488888888888889,0.989721421939576,539,3,0,3.50119471808845,0.199880585099167,0.989721421939576,3.53755576112225,"Y",0,0,"Overlap",43
"309","TOOL",6.27310836302662,6.46515219839221,0.68088791177966,"2018",NA,0.970295543017015,148,1,0,4.74606487098601,0.238836453344632,1.31576414861204,4.76765411920056,"N",0,1,"Overlap",36
"310","TOOL",6.03545831761599,6.10735573412162,0.407172220667638,"2019",0.333333333333333,0.98822773395957,298,2,0,4.74606487098601,0.238836453344632,1.2659178217878,4.76765411920056,"N",0,1,"Overlap",36
"311","TOOL",5.63227054239313,5.68853719206075,0.387010665793299,"2020",0.472222222222222,0.990108766495162,358,3,0,4.74606487098601,0.238836453344632,1.18135049262708,4.76765411920056,"N",0,1,"Overlap",36
"312","TOOL",5.00176970942513,5.03381351829284,0.232756136051253,"2021",0.481481481481481,0.993634287652637,477,4,0,4.74606487098601,0.238836453344632,1.04910498630379,4.76765411920056,"N",0,0,"Overlap",36
"313","TOOL",4.74606487098601,4.76765411920056,0.228753703396802,"2022",0.464052287581699,0.995471725155647,597,5,0,4.74606487098601,0.238836453344632,0.995471725155647,4.76765411920056,"N",0,0,"Overlap",36
"314","TOOL",4.74606487098601,4.76765411920056,0.238836453344632,"full",0.464052287581699,0.995471725155647,597,5,0,4.74606487098601,0.238836453344632,0.995471725155647,4.76765411920056,"N",0,0,"Overlap",36
"315","TREE",7.19266055045871,7.6511741871228,1.06214326287421,"2015",NA,0.940072775047289,219,1,0,9.59387301138803,0.314591352519255,0.746221208603365,9.63877797566296,"Y",0,1,"Overlap",15
"316","TREE",10.1759246238222,10.3541336579422,0.70120714027456,"2016",0.578947368421053,0.982788609843447,577,2,0,9.59387301138803,0.314591352519255,1.05572767103003,9.63877797566296,"Y",0,1,"Overlap",15
"317","TREE",9.70579293283059,9.81273072779994,0.408768948876801,"2017",0.505382775119617,0.989102137016112,876,3,0,9.59387301138803,0.314591352519255,1.00695264040077,9.63877797566296,"Y",0,0,"Overlap",15
"318","TREE",9.40539666481471,9.48083731886928,0.365429454877813,"2018",0.45887306959194,0.992042827915165,1135,4,0,9.59387301138803,0.314591352519255,0.975787251097855,9.63877797566296,"Y",0,0,"Overlap",15
"319","TREE",9.43469379500041,9.49365314025994,0.406515157251418,"2019",0.458738135527288,0.99378960402403,1427,5,0,9.59387301138803,0.314591352519255,0.978826757792549,9.63877797566296,"Y",0,0,"Overlap",15
"320","TREE",9.377208745717,9.42834569044694,0.352390668740528,"2020",0.462642682334874,0.994576254794968,1599,6,0,9.59387301138803,0.314591352519255,0.972862822382007,9.63877797566296,"Y",0,0,"Overlap",15
"321","TREE",9.40306191615671,9.44931024327214,0.319823720403956,"2021",0.45498001305684,0.995105639890662,1807,7,0,9.59387301138803,0.314591352519255,0.975545026547824,9.63877797566296,"Y",0,0,"Overlap",15
"322","TREE",9.59387301138803,9.63877797566296,0.329527569752785,"2022",0.418554296905862,0.995341218109981,2004,8,0,9.59387301138803,0.314591352519255,0.995341218109981,9.63877797566296,"Y",0,0,"Overlap",15
"323","TREE",9.59387301138803,9.63877797566296,0.314591352519255,"full",0.418554296905862,0.995341218109981,2004,8,0,9.59387301138803,0.314591352519255,0.995341218109981,9.63877797566296,"Y",0,0,"Overlap",15
"324","UKFS",15.6684090166612,16.222611739834,0.914388981897557,"2016",NA,0.965837638719299,600,1,0,13.9326934321672,0.554417895763066,1.11606934490647,14.0389206890852,"Y",0,1,"Overlap",11
"325","UKFS",13.9548100793075,14.1916554462095,0.82648645282856,"2017",0.524590163934426,0.983310941574105,1200,2,0,13.9326934321672,0.554417895763066,0.994008755256872,14.0389206890852,"Y",0,0,"Overlap",11
"326","UKFS",13.4962157855802,13.6773891653077,0.689926598280627,"2018",0.558213449314152,0.986753803848244,1619,3,0,13.9326934321672,0.554417895763066,0.961342832862716,14.0389206890852,"Y",0,0,"Overlap",11
"327","UKFS",13.7983340274886,13.9491036174009,0.650836673076208,"2019",0.558808966209435,0.989191449569259,2011,4,0,13.9326934321672,0.554417895763066,0.982862880493108,14.0389206890852,"Y",0,0,"Overlap",11
"328","UKFS",13.1018018216704,13.2255832844755,0.571131544463873,"2020",0.571280637700554,0.990640755863643,2180,5,0,13.9326934321672,0.554417895763066,0.93324851046823,14.0389206890852,"Y",0,1,"Overlap",11
"329","UKFS",13.8660084931433,13.9817246903828,0.603888109746711,"2021",0.60088415928325,0.991723753699777,2585,6,0,13.9326934321672,0.554417895763066,0.987683369699754,14.0389206890852,"Y",0,0,"Overlap",11
"330","UKFS",13.9326934321672,14.0389206890852,0.553333969207845,"2022",0.598620397286307,0.992433374383219,2831,7,0,13.9326934321672,0.554417895763066,0.992433374383219,14.0389206890852,"Y",0,0,"Overlap",11
"331","UKFS",13.9326934321672,14.0389206890852,0.554417895763066,"full",0.598620397286307,0.992433374383219,2831,7,0,13.9326934321672,0.554417895763066,0.992433374383219,14.0389206890852,"Y",0,0,"Overlap",11
"332","UNDE",8.53938529219428,8.71119032195676,0.475450322009633,"2015",NA,0.980277663165108,349,1,0,8.33699716502382,0.213311156466628,1.0205040751799,8.36781106502575,"N",0,0,"Overlap",22
"333","UNDE",8.85931517038098,8.94561783652118,0.369273760568456,"2016",0.333333333333333,0.990352520338185,708,2,0,8.33699716502382,0.213311156466628,1.05873747644823,8.36781106502575,"N",0,1,"Overlap",22
"334","UNDE",8.87495117459963,8.93625688898178,0.318793166521504,"2017",0.357843137254902,0.993139665170354,986,3,0,8.33699716502382,0.213311156466628,1.06060606598702,8.36781106502575,"N",0,1,"Overlap",22
"335","UNDE",8.66224199516608,8.70835175386259,0.251011408611143,"2018",0.298085901027077,0.99470511067998,1255,4,0,8.33699716502382,0.213311156466628,1.03518613504205,8.36781106502575,"N",0,1,"Overlap",22
"336","UNDE",8.75564627986706,8.79695779603658,0.27235140001833,"2019",0.286064425770308,0.995303886056139,1518,5,0,8.33699716502382,0.213311156466628,1.04634846697989,8.36781106502575,"N",0,1,"Overlap",22
"337","UNDE",8.44669108262284,8.48211262826873,0.211504534751166,"2020",0.270518207282913,0.995823971314901,1693,6,0,8.33699716502382,0.213311156466628,1.00942660117253,8.36781106502575,"N",0,0,"Overlap",22
"338","UNDE",8.32661911710557,8.35865946418132,0.204391717817072,"2021",0.290649230706775,0.996166807941745,1926,7,0,8.33699716502382,0.213311156466628,0.995077332936883,8.36781106502575,"Y",0,0,"Overlap",22
"339","UNDE",8.33699716502382,8.36781106502575,0.188441329075603,"2022",0.303549680741862,0.996317567430421,2094,8,0,8.33699716502382,0.213311156466628,0.996317567430421,8.36781106502575,"Y",0,0,"Overlap",22
"340","UNDE",8.33699716502382,8.36781106502575,0.213311156466628,"full",0.303549680741862,0.996317567430421,2094,8,0,8.33699716502382,0.213311156466628,0.996317567430421,8.36781106502575,"Y",0,0,"Overlap",22
"341","WOOD",12.8828155721589,13.3144093370061,0.962429479527238,"2015",NA,0.967584460269847,305,1,0,21.1712373738311,0.719485110638912,0.603384504894926,21.3509221195568,"N",0,1,"Overlap",1
"342","WOOD",18.6834719059471,19.0811770265914,0.991861832343031,"2016",0.485714285714286,0.979157201880678,700,2,0,21.1712373738311,0.719485110638912,0.875066275888557,21.3509221195568,"N",0,1,"Overlap",1
"343","WOOD",18.072844197603,18.3535364863295,0.926371656612654,"2017",0.47012987012987,0.984706364959387,1027,3,0,21.1712373738311,0.719485110638912,0.846466681691883,21.3509221195568,"N",0,1,"Overlap",1
"344","WOOD",18.2155345917159,18.4281587567341,0.984241099229462,"2018",0.441197691197691,0.988461996240372,1326,4,0,21.1712373738311,0.719485110638912,0.853149783869571,21.3509221195568,"N",0,1,"Overlap",1
"345","WOOD",18.5868225588075,18.7786224241402,0.693714277705338,"2019",0.465226626607224,0.989786265413902,1572,5,0,21.1712373738311,0.719485110638912,0.870539569894387,21.3509221195568,"N",0,1,"Overlap",1
"346","WOOD",19.0240799660906,19.2071832164006,0.835131308963805,"2020",0.472181301285779,0.990466938944296,1740,6,0,21.1712373738311,0.719485110638912,0.891019125991993,21.3509221195568,"N",0,1,"Overlap",1
"347","WOOD",20.403111448535,20.5855142359084,0.647845501510874,"2021",0.492075967033924,0.991139264956752,2008,7,0,21.1712373738311,0.719485110638912,0.955607974882095,21.3509221195568,"N",0,1,"Overlap",1
"348","WOOD",21.1712373738311,21.3509221195568,0.676297671131217,"2022",0.499160352695744,0.991584216142073,2220,8,0,21.1712373738311,0.719485110638912,0.991584216142073,21.3509221195568,"N",0,0,"Overlap",1
"349","WOOD",21.1712373738311,21.3509221195568,0.719485110638912,"full",0.499160352695744,0.991584216142073,2220,8,0,21.1712373738311,0.719485110638912,0.991584216142073,21.3509221195568,"N",0,0,"Overlap",1
"350","WREF",4.69351690950408,4.73199155794302,0.179047758481747,"2018",NA,0.991869248292644,323,1,0,4.90197953935414,0.090381140232957,0.954548196286174,4.91700359161012,"N",0,1,"Overlap",35
"351","WREF",4.909392971246,4.93233477972718,0.116720032249333,"2019",0.357142857142857,0.995348691946972,618,2,0,4.90197953935414,0.090381140232957,0.998452183281481,4.91700359161012,"N",0,0,"Overlap",35
"352","WREF",4.94537090281771,4.96690880733275,0.114102897756178,"2020",0.36038961038961,0.995663720565345,704,3,0,4.90197953935414,0.090381140232957,1.00576922727004,4.91700359161012,"N",0,0,"Overlap",35
"353","WREF",4.91164248619414,4.92868697732839,0.11092718968835,"2021",0.379148629148629,0.9965417785279,911,4,0,4.90197953935414,0.090381140232957,0.998909680394554,4.91700359161012,"N",0,0,"Overlap",35
"354","WREF",4.90197953935414,4.91700359161012,0.109774759125176,"2022",0.346861471861472,0.996944469944742,1025,5,0,4.90197953935414,0.090381140232957,0.996944469944742,4.91700359161012,"N",0,0,"Overlap",35
"355","WREF",4.90197953935414,4.91700359161012,0.090381140232957,"full",0.346861471861472,0.996944469944742,1025,5,0,4.90197953935414,0.090381140232957,0.996944469944742,4.91700359161012,"N",0,0,"Overlap",35
"356","YELL",10.1829696821116,10.4345401577515,0.598132926717448,"2018",NA,0.975890602572171,206,1,0,10.5928535684821,0.439838554468669,0.951584888571876,10.701062831498,"N",0,1,"Overlap",13
"357","YELL",11.5613151722506,11.7183506019827,0.529693648280709,"2019",0.365853658536585,0.986599186603478,416,2,0,10.5928535684821,0.439838554468669,1.08038942993779,10.701062831498,"N",0,1,"Overlap",13
"358","YELL",10.5928535684821,10.701062831498,0.455009990766479,"2021",0.51219512195122,0.98988798919138,533,3,0,10.5928535684821,0.439838554468669,0.98988798919138,10.701062831498,"N",0,0,"Overlap",13
"359","YELL",10.5928535684821,10.701062831498,0.439838554468669,"full",0.51219512195122,0.98988798919138,533,3,0,10.5928535684821,0.439838554468669,0.98988798919138,10.701062831498,"N",0,0,"Overlap",13
